{
    "top1_acc": 0.8481613285883749,
    "top5_acc": 0.9584816132858838
}