{
    "top1_acc": 0.8398576512455516,
    "top5_acc": 0.963226571767497
}