{
    "top1_acc": 0.7461447212336892,
    "top5_acc": 0.9489916963226572
}