{
    "top1_acc": 0.7947805456702254,
    "top5_acc": 0.9620403321470937
}