{
    "top1_acc": 0.6512455516014235,
    "top5_acc": 0.9110320284697508
}