{
    "top1_acc": 0.4128113879003559,
    "top5_acc": 0.7698695136417556
}