{
    "top1_acc": 0.7603795966785291,
    "top5_acc": 0.9466192170818505
}