{
    "top1_acc": 0.8268090154211151,
    "top5_acc": 0.9608540925266904
}