{
    "top1_acc": 0.7497034400948992,
    "top5_acc": 0.9406880189798339
}