{
    "top1_acc": 0.8196915776986952,
    "top5_acc": 0.9620403321470937
}