{
    "top1_acc": 0.627520759193357,
    "top5_acc": 0.9205219454329775
}