{
    "top1_acc": 0.8517200474495848,
    "top5_acc": 0.9608540925266904
}