{
    "top1_acc": 0.8244365361803084,
    "top5_acc": 0.9537366548042705
}