{
    "top1_acc": 0.7888493475682088,
    "top5_acc": 0.9608540925266904
}