{
    "top1_acc": 0.6844602609727165,
    "top5_acc": 0.930011862396204
}