{
    "top1_acc": 0.5848161328588375,
    "top5_acc": 0.9027283511269276
}